{"cameraMode":{"drawMode":0,"name":"Shaded","section":"Shading Mode"},"sceneLighting":false,"audioPlay":false,"sceneViewState":{"showFog":false,"showMaterialUpdate":false,"showSkybox":false,"showFlares":false,"showImageEffects":false,"showParticleSystems":false},"in2DMode":false,"pivot":{"x":-19.03024673461914,"y":22.314651489257814,"z":-50.65907287597656},"rotation":{"x":-0.10044527798891068,"y":0.06174274906516075,"z":-0.006244775839149952,"w":-0.993006706237793},"size":13.923982620239258,"orthographic":false}