{"cameraMode":{"drawMode":0,"name":"Shaded","section":"Shading Mode"},"sceneLighting":false,"audioPlay":false,"sceneViewState":{"showFog":false,"showMaterialUpdate":false,"showSkybox":false,"showFlares":false,"showImageEffects":false,"showParticleSystems":false},"in2DMode":false,"pivot":{"x":-36.49980163574219,"y":0.5000008344650269,"z":-35.49922180175781},"rotation":{"x":-0.2938868999481201,"y":0.2776755690574646,"z":-0.08965448290109635,"w":-0.9102153778076172},"size":34.95932388305664,"orthographic":false}