{"cameraMode":{"drawMode":0,"name":"Shaded","section":"Shading Mode"},"sceneLighting":false,"audioPlay":false,"sceneViewState":{"showFog":false,"showMaterialUpdate":false,"showSkybox":false,"showFlares":false,"showImageEffects":false,"showParticleSystems":false},"in2DMode":false,"pivot":{"x":0.011189460754394532,"y":-1.1959843635559083,"z":0.0},"rotation":{"x":-0.10033534467220307,"y":0.24857492744922639,"z":-0.025896960869431497,"w":-0.963055431842804},"size":16.47840690612793,"orthographic":false}